Rk,Name,Age,Tm,Lg,G,GS,CG,Inn,Ch,PO,A,E,DP,Fld%,RF/9▼,RF/G,SB,CS,CS%,PO.1,Name-additional
4.0,Frank Lankford,27.0,LAD,NL,12.0,0.0,0.0,19.2,14.0,6.0,8.0,0.0,0.0,1.0,6.41,1.17,3.0,1.0,0.25,0.0,lankffr01
13.0,Rick DeHart,28.0,MON,NL,26.0,0.0,0.0,28.0,13.0,7.0,6.0,0.0,0.0,1.0,4.18,0.5,1.0,0.0,0.0,0.0,deharri01
16.0,Mike Magnante,33.0,HOU,NL,48.0,0.0,0.0,51.2,23.0,6.0,17.0,0.0,0.0,1.0,4.01,0.48,3.0,1.0,0.25,0.0,magnami01
19.0,Ricky Bones,29.0,KCR,AL,32.0,0.0,0.0,53.1,24.0,8.0,15.0,1.0,1.0,0.958,3.88,0.72,4.0,1.0,0.2,0.0,bonesri01
23.0,Armando Reynoso,32.0,NYM,NL,11.0,11.0,0.0,68.1,30.0,5.0,24.0,1.0,2.0,0.967,3.82,2.64,3.0,2.0,0.4,2.0,reynoar02
25.0,Scott Kamieniecki,34.0,BAL,AL,12.0,11.0,0.0,54.2,22.0,12.0,10.0,0.0,0.0,1.0,3.62,1.83,8.0,2.0,0.2,2.0,kamiesc01
28.0,Lance Painter,30.0,STL,NL,65.0,0.0,0.0,47.1,18.0,6.0,12.0,0.0,1.0,1.0,3.42,0.28,0.0,1.0,1.0,0.0,paintla01
29.0,Jim Abbott,30.0,CHW,AL,5.0,5.0,0.0,31.2,12.0,2.0,10.0,0.0,1.0,1.0,3.41,2.4,8.0,2.0,0.2,1.0,abbotji01
31.0,Greg Maddux,32.0,ATL,NL,34.0,34.0,9.0,251.0,98.0,31.0,63.0,4.0,5.0,0.959,3.37,2.76,28.0,11.0,0.28,0.0,maddugr01
33.0,Steve Avery,28.0,BOS,AL,34.0,23.0,0.0,123.2,47.0,7.0,39.0,1.0,5.0,0.979,3.35,1.35,10.0,9.0,0.47,3.0,averyst01
32.0,Curtis King,27.0,STL,NL,36.0,0.0,0.0,51.0,19.0,10.0,9.0,0.0,1.0,1.0,3.35,0.53,2.0,0.0,0.0,0.0,kingcu01
34.0,Tony Castillo,35.0,CHW,AL,25.0,0.0,0.0,27.0,10.0,1.0,9.0,0.0,2.0,1.0,3.33,0.4,2.0,2.0,0.5,1.0,castito02
35.0,Kenny Rogers,33.0,OAK,AL,34.0,34.0,7.0,238.2,88.0,20.0,66.0,2.0,4.0,0.977,3.24,2.53,5.0,9.0,0.64,6.0,rogerke01
37.0,Doug Johns,30.0,BAL,AL,31.0,10.0,0.0,86.2,31.0,5.0,25.0,1.0,2.0,0.968,3.12,0.97,8.0,10.0,0.56,4.0,johnsdo04
39.0,Willie Banks,29.0,TOT,MLB,42.0,0.0,0.0,58.0,21.0,10.0,10.0,1.0,1.0,0.952,3.1,0.48,4.0,4.0,0.5,0.0,bankswi01
40.0,Steve Sparks,32.0,ANA,AL,22.0,20.0,0.0,128.2,43.0,12.0,31.0,0.0,2.0,1.0,3.01,1.95,10.0,4.0,0.29,5.0,sparkst01
42.0,Darren Dreifort,26.0,LAD,NL,32.0,26.0,1.0,180.0,64.0,18.0,42.0,4.0,4.0,0.938,3,1.88,12.0,8.0,0.4,1.0,dreifda01
45.0,Ken Hill,32.0,ANA,AL,19.0,19.0,0.0,103.0,34.0,14.0,20.0,0.0,3.0,1.0,2.97,1.79,20.0,9.0,0.31,1.0,hillke01
46.0,Omar Olivares,30.0,ANA,AL,37.0,26.0,1.0,183.0,65.0,21.0,39.0,5.0,3.0,0.923,2.95,1.62,11.0,7.0,0.39,0.0,olivaom01
48.0,Scott Aldred,30.0,TBD,AL,48.0,0.0,0.0,31.1,10.0,3.0,7.0,0.0,2.0,1.0,2.87,0.21,2.0,1.0,0.33,0.0,aldresc01
50.0,Bill Swift,36.0,SEA,AL,29.0,26.0,0.0,144.2,50.0,17.0,29.0,4.0,3.0,0.92,2.86,1.59,16.0,3.0,0.16,1.0,swiftbi02
51.0,Jeff Suppan,23.0,TOT,MLB,17.0,14.0,1.0,78.2,25.0,7.0,18.0,0.0,2.0,1.0,2.86,1.47,5.0,4.0,0.44,0.0,suppaje01
52.0,Brian Bohanon,29.0,TOT,MLB,39.0,18.0,2.0,151.2,50.0,10.0,38.0,2.0,3.0,0.96,2.85,1.23,5.0,3.0,0.38,0.0,bohanbr01
54.0,Norm Charlton,35.0,TOT,MLB,49.0,0.0,0.0,48.0,16.0,6.0,9.0,1.0,0.0,0.938,2.81,0.31,6.0,1.0,0.14,1.0,charlno01
58.0,Greg McMichael,31.0,TOT,MLB,64.0,0.0,0.0,68.0,21.0,5.0,16.0,0.0,1.0,1.0,2.78,0.33,8.0,4.0,0.33,0.0,mcmicgr01
56.0,John Franco,37.0,NYM,NL,61.0,0.0,0.0,64.2,20.0,4.0,16.0,0.0,2.0,1.0,2.78,0.33,2.0,1.0,0.33,2.0,francjo01
59.0,Erik Hanson,33.0,TOR,AL,11.0,8.0,0.0,49.0,15.0,8.0,7.0,0.0,1.0,1.0,2.76,1.36,6.0,0.0,0.0,0.0,hansoer01
60.0,Jeff Shaw,31.0,TOT,MLB,73.0,0.0,0.0,85.0,29.0,8.0,18.0,3.0,0.0,0.897,2.75,0.36,7.0,0.0,0.0,1.0,shawje01
62.0,Rich Rodriguez,35.0,SFG,NL,68.0,0.0,0.0,65.2,21.0,9.0,11.0,1.0,0.0,0.952,2.74,0.29,3.0,1.0,0.25,1.0,rodriri02
61.0,Joe Fontenot,21.0,FLA,NL,8.0,8.0,0.0,42.2,13.0,4.0,9.0,0.0,1.0,1.0,2.74,1.63,4.0,0.0,0.0,0.0,fontejo01
65.0,Charles Nagy,31.0,CLE,AL,33.0,33.0,2.0,210.1,65.0,17.0,46.0,2.0,4.0,0.969,2.7,1.91,21.0,9.0,0.3,1.0,nagych01
66.0,Mike Morgan,38.0,TOT,MLB,23.0,22.0,0.0,120.2,37.0,15.0,21.0,1.0,3.0,0.973,2.69,1.57,7.0,4.0,0.36,2.0,morgami01
67.0,Jim Mecir,28.0,TBD,AL,68.0,0.0,0.0,84.0,25.0,9.0,16.0,0.0,2.0,1.0,2.68,0.37,5.0,3.0,0.38,0.0,mecirji01
68.0,Jeff Nelson,31.0,NYY,AL,45.0,0.0,0.0,40.1,12.0,3.0,9.0,0.0,0.0,1.0,2.68,0.27,5.0,1.0,0.17,0.0,nelsoje01
70.0,Félix Rodríguez,25.0,ARI,NL,43.0,0.0,0.0,44.0,13.0,1.0,12.0,0.0,0.0,1.0,2.66,0.3,4.0,0.0,0.0,0.0,rodrife01
71.0,Scott Erickson,30.0,BAL,AL,36.0,36.0,11.0,251.1,77.0,23.0,51.0,3.0,5.0,0.961,2.65,2.06,28.0,7.0,0.2,1.0,ericksc01
73.0,Mel Rojas,31.0,NYM,NL,50.0,0.0,0.0,58.0,18.0,6.0,11.0,1.0,1.0,0.944,2.64,0.34,13.0,4.0,0.24,1.0,rojasme01
72.0,Chad Bradford,23.0,CHW,AL,29.0,0.0,0.0,30.2,10.0,1.0,8.0,1.0,0.0,0.9,2.64,0.31,1.0,0.0,0.0,0.0,bradfch01
74.0,Derek Lowe,25.0,BOS,AL,63.0,10.0,0.0,123.0,40.0,12.0,24.0,4.0,4.0,0.9,2.63,0.57,17.0,5.0,0.23,0.0,lowede01
75.0,Tom Fordham,24.0,CHW,AL,29.0,5.0,0.0,48.0,14.0,3.0,11.0,0.0,0.0,1.0,2.63,0.48,1.0,4.0,0.8,1.0,fordhto01
77.0,Bob Tewksbury,37.0,MIN,AL,26.0,25.0,1.0,148.1,45.0,12.0,31.0,2.0,3.0,0.956,2.61,1.65,10.0,3.0,0.23,0.0,tewksbo01
76.0,Mike Timlin,32.0,SEA,AL,70.0,0.0,0.0,79.1,23.0,10.0,13.0,0.0,1.0,1.0,2.61,0.33,1.0,0.0,0.0,0.0,timlimi01
78.0,Mike Fetters,33.0,TOT,MLB,60.0,0.0,0.0,58.2,19.0,2.0,15.0,2.0,1.0,0.895,2.61,0.28,6.0,2.0,0.25,2.0,fettemi01
79.0,Jim Corsi,36.0,BOS,AL,59.0,0.0,0.0,66.0,21.0,3.0,16.0,2.0,2.0,0.905,2.59,0.32,4.0,5.0,0.56,0.0,corsiji01
81.0,Mike Hampton,25.0,HOU,NL,32.0,32.0,1.0,211.2,64.0,11.0,49.0,4.0,7.0,0.938,2.55,1.88,9.0,7.0,0.44,3.0,hamptmi01
82.0,Pep Harris,25.0,ANA,AL,49.0,0.0,0.0,60.0,19.0,4.0,13.0,2.0,1.0,0.895,2.55,0.35,3.0,1.0,0.25,0.0,harripe01
83.0,Rolando Arrojo,32.0,TBD,AL,32.0,32.0,2.0,202.0,61.0,17.0,40.0,4.0,5.0,0.934,2.54,1.78,17.0,10.0,0.37,1.0,arrojro01
84.0,Orel Hershiser,39.0,SFG,NL,34.0,34.0,0.0,202.0,58.0,21.0,36.0,1.0,3.0,0.983,2.54,1.68,9.0,3.0,0.25,0.0,hershor01
86.0,Kevin Brown,33.0,SDP,NL,36.0,35.0,7.0,257.0,74.0,31.0,41.0,2.0,2.0,0.973,2.52,2.0,5.0,7.0,0.58,3.0,brownke01
87.0,Mike Myers,29.0,MIL,NL,70.0,0.0,0.0,50.0,16.0,3.0,11.0,2.0,4.0,0.875,2.52,0.2,6.0,2.0,0.25,1.0,myersmi01
88.0,Bob Wickman,29.0,MIL,NL,72.0,0.0,0.0,82.1,25.0,10.0,13.0,2.0,1.0,0.92,2.51,0.32,8.0,1.0,0.11,0.0,wickmbo01
91.0,Ramiro Mendoza,26.0,NYY,AL,41.0,14.0,1.0,130.1,37.0,11.0,25.0,1.0,3.0,0.973,2.49,0.88,2.0,4.0,0.67,0.0,mendora01
90.0,Mariano Rivera,28.0,NYY,AL,54.0,0.0,0.0,61.1,17.0,3.0,14.0,0.0,1.0,1.0,2.49,0.31,2.0,0.0,0.0,1.0,riverma01
93.0,Ramón Martínez,30.0,LAD,NL,15.0,15.0,1.0,101.2,28.0,11.0,17.0,0.0,1.0,1.0,2.48,1.87,4.0,4.0,0.5,0.0,martira02
92.0,Rich Croushore,27.0,STL,NL,41.0,0.0,0.0,54.1,15.0,2.0,13.0,0.0,0.0,1.0,2.48,0.37,10.0,0.0,0.0,0.0,crousri01
94.0,Shane Reynolds,30.0,HOU,NL,35.0,35.0,3.0,233.1,66.0,24.0,40.0,2.0,9.0,0.97,2.47,1.83,6.0,11.0,0.65,1.0,reynosh01
95.0,Brian Anderson,26.0,ARI,NL,32.0,32.0,2.0,208.0,59.0,11.0,46.0,2.0,4.0,0.966,2.47,1.78,4.0,9.0,0.69,9.0,anderbr02
96.0,Steve Trachsel,27.0,CHC,NL,33.0,33.0,1.0,208.0,59.0,23.0,34.0,2.0,1.0,0.966,2.47,1.73,8.0,8.0,0.5,4.0,trachst01
97.0,Tom Candiotti,41.0,OAK,AL,33.0,33.0,3.0,201.0,56.0,16.0,39.0,1.0,2.0,0.982,2.46,1.67,22.0,7.0,0.24,1.0,candito01
98.0,Kirk Rueter,27.0,SFG,NL,33.0,33.0,1.0,187.2,53.0,12.0,39.0,2.0,2.0,0.962,2.45,1.55,5.0,4.0,0.44,2.0,rueteki01
100.0,Bryce Florie,28.0,DET,AL,42.0,16.0,0.0,133.0,39.0,14.0,22.0,3.0,5.0,0.923,2.44,0.86,8.0,6.0,0.43,0.0,floribr01
99.0,Rafael Roque,26.0,MIL,NL,9.0,9.0,0.0,48.0,13.0,3.0,10.0,0.0,1.0,1.0,2.44,1.44,2.0,0.0,0.0,0.0,roquera01
101.0,Danny Graves,24.0,CIN,NL,62.0,0.0,0.0,81.1,24.0,7.0,15.0,2.0,0.0,0.917,2.43,0.35,6.0,2.0,0.25,0.0,graveda01
102.0,A.J. Sager,33.0,DET,AL,31.0,3.0,0.0,59.1,16.0,2.0,14.0,0.0,2.0,1.0,2.43,0.52,11.0,3.0,0.21,0.0,sagera.01
104.0,Tom Glavine,32.0,ATL,NL,33.0,33.0,4.0,229.1,62.0,11.0,50.0,1.0,3.0,0.984,2.39,1.85,6.0,7.0,0.54,0.0,glavito02
105.0,Mike Jackson,33.0,CLE,AL,69.0,0.0,0.0,64.0,18.0,6.0,11.0,1.0,2.0,0.944,2.39,0.25,1.0,4.0,0.8,1.0,jacksmi02
108.0,Kirt Ojala,29.0,FLA,NL,41.0,13.0,1.0,125.0,36.0,9.0,24.0,3.0,4.0,0.917,2.38,0.8,10.0,6.0,0.38,1.0,ojalaki01
109.0,Esteban Loaiza,26.0,TOT,MLB,35.0,28.0,1.0,171.0,45.0,21.0,24.0,0.0,3.0,1.0,2.37,1.29,14.0,6.0,0.3,0.0,loaizes01
112.0,Jamey Wright,23.0,COL,NL,34.0,34.0,1.0,206.1,56.0,18.0,36.0,2.0,5.0,0.964,2.36,1.59,21.0,7.0,0.25,7.0,wrighja01
110.0,Steve Parris,30.0,CIN,NL,18.0,16.0,1.0,99.0,26.0,5.0,21.0,0.0,0.0,1.0,2.36,1.44,7.0,3.0,0.3,0.0,parrist01
111.0,Trey Moore,25.0,MON,NL,13.0,11.0,0.0,61.0,16.0,6.0,10.0,0.0,0.0,1.0,2.36,1.23,10.0,3.0,0.23,1.0,mooretr01
114.0,Scott Karl,26.0,MIL,NL,33.0,33.0,0.0,192.1,50.0,12.0,38.0,0.0,3.0,1.0,2.34,1.52,11.0,4.0,0.27,1.0,karlsc01
115.0,Hipólito Pichardo,28.0,KCR,AL,27.0,18.0,0.0,112.1,29.0,11.0,18.0,0.0,5.0,1.0,2.32,1.07,11.0,0.0,0.0,0.0,pichahi01
116.0,Willie Blair,32.0,TOT,MLB,34.0,25.0,0.0,175.1,46.0,10.0,35.0,1.0,3.0,0.978,2.31,1.32,17.0,11.0,0.39,0.0,blairwi01
117.0,Ryan Dempster,21.0,FLA,NL,14.0,11.0,0.0,54.2,14.0,2.0,12.0,0.0,2.0,1.0,2.3,1.0,6.0,1.0,0.14,0.0,dempsry01
120.0,John Snyder,23.0,CHW,AL,15.0,14.0,1.0,86.1,23.0,8.0,14.0,1.0,0.0,0.957,2.29,1.47,2.0,5.0,0.71,1.0,snydejo02
119.0,Mike Williams,29.0,PIT,NL,37.0,1.0,0.0,51.0,14.0,0.0,13.0,1.0,0.0,0.929,2.29,0.35,4.0,5.0,0.56,1.0,willimi03
121.0,Jim Poole,32.0,TOT,MLB,38.0,0.0,0.0,39.1,10.0,4.0,6.0,0.0,0.0,1.0,2.29,0.26,4.0,1.0,0.2,1.0,pooleji02
123.0,Pedro Astacio,29.0,COL,NL,35.0,34.0,0.0,209.1,53.0,22.0,31.0,0.0,3.0,1.0,2.28,1.51,15.0,7.0,0.32,0.0,astacpe01
122.0,Ricky Bottalico,28.0,PHI,NL,39.0,0.0,0.0,43.1,11.0,5.0,6.0,0.0,1.0,1.0,2.28,0.28,1.0,0.0,0.0,0.0,bottari01
124.0,Anthony Telford,32.0,MON,NL,77.0,0.0,0.0,91.0,24.0,5.0,18.0,1.0,1.0,0.958,2.27,0.3,1.0,3.0,0.75,0.0,telfoan01
125.0,Bobby Jones,28.0,NYM,NL,30.0,30.0,0.0,195.1,51.0,14.0,35.0,2.0,3.0,0.961,2.26,1.63,20.0,11.0,0.35,1.0,jonesbo03
129.0,Russ Ortiz,24.0,SFG,NL,22.0,13.0,0.0,88.1,23.0,9.0,13.0,1.0,2.0,0.957,2.24,1.0,11.0,4.0,0.27,0.0,ortizru01
130.0,Pete Smith,32.0,TOT,MLB,37.0,12.0,0.0,88.1,23.0,5.0,17.0,1.0,3.0,0.957,2.24,0.59,22.0,1.0,0.04,0.0,smithpe02
131.0,Scott Sanders,29.0,TOT,MLB,26.0,2.0,0.0,40.1,11.0,5.0,5.0,1.0,0.0,0.909,2.23,0.38,6.0,1.0,0.14,0.0,sandesc02
133.0,Mark Portugal,35.0,PHI,NL,26.0,26.0,3.0,166.1,44.0,24.0,17.0,3.0,2.0,0.932,2.22,1.58,7.0,2.0,0.22,1.0,portuma01
134.0,Chris Haney,29.0,TOT,MLB,38.0,12.0,0.0,102.1,25.0,3.0,22.0,0.0,3.0,1.0,2.2,0.66,9.0,2.0,0.18,0.0,haneych01
135.0,Juan Acevedo,28.0,STL,NL,50.0,9.0,0.0,98.1,25.0,6.0,18.0,1.0,0.0,0.96,2.2,0.48,2.0,5.0,0.71,2.0,aceveju01
137.0,Frankie Rodriguez,25.0,MIN,AL,20.0,11.0,0.0,70.0,19.0,8.0,9.0,2.0,0.0,0.895,2.19,0.85,4.0,3.0,0.43,0.0,rodrifr02
136.0,Héctor Carrasco,28.0,MIN,AL,63.0,0.0,0.0,61.2,15.0,9.0,6.0,0.0,0.0,1.0,2.19,0.24,5.0,1.0,0.17,0.0,carrahe01
138.0,Mike Mussina,29.0,BAL,AL,29.0,29.0,4.0,206.1,50.0,12.0,38.0,0.0,1.0,1.0,2.18,1.72,20.0,7.0,0.26,0.0,mussimi01
140.0,LaTroy Hawkins,25.0,MIN,AL,33.0,33.0,0.0,190.1,46.0,17.0,29.0,0.0,5.0,1.0,2.18,1.39,20.0,8.0,0.29,2.0,hawkila01
139.0,Dennis Martínez,44.0,ATL,NL,53.0,5.0,1.0,91.0,23.0,6.0,16.0,1.0,2.0,0.957,2.18,0.42,7.0,2.0,0.22,1.0,martide01
142.0,José Lima,25.0,HOU,NL,33.0,33.0,3.0,233.1,59.0,24.0,32.0,3.0,3.0,0.949,2.16,1.7,13.0,4.0,0.24,0.0,limajo01
144.0,Omar Daal,26.0,ARI,NL,33.0,23.0,3.0,162.2,40.0,6.0,33.0,1.0,2.0,0.975,2.16,1.18,3.0,12.0,0.8,4.0,daalom01
146.0,Albie Lopez,26.0,TBD,AL,54.0,0.0,0.0,79.2,19.0,3.0,16.0,0.0,0.0,1.0,2.15,0.35,4.0,4.0,0.5,0.0,lopezal02
145.0,Doug Brocail,31.0,DET,AL,60.0,0.0,0.0,62.2,15.0,8.0,7.0,0.0,1.0,1.0,2.15,0.25,4.0,3.0,0.43,0.0,brocado01
147.0,Dave Mlicki,30.0,TOT,MLB,30.0,30.0,3.0,181.1,44.0,21.0,22.0,1.0,1.0,0.977,2.13,1.43,10.0,8.0,0.44,0.0,mlickda01
148.0,Rod Beck,29.0,CHC,NL,81.0,0.0,0.0,80.1,19.0,8.0,11.0,0.0,1.0,1.0,2.13,0.23,8.0,1.0,0.11,0.0,beckro01
149.0,Eric Gunderson,32.0,TEX,AL,68.0,1.0,0.0,67.2,16.0,6.0,10.0,0.0,0.0,1.0,2.13,0.24,0.0,1.0,1.0,1.0,gundeer01
151.0,Rick Reed,33.0,NYM,NL,31.0,31.0,2.0,212.1,51.0,12.0,38.0,1.0,2.0,0.98,2.12,1.61,7.0,14.0,0.67,2.0,reedri01
150.0,Dave Veres,31.0,COL,NL,63.0,0.0,0.0,76.1,18.0,7.0,11.0,0.0,0.0,1.0,2.12,0.29,5.0,3.0,0.38,1.0,veresda01
152.0,Darryl Kile,29.0,COL,NL,36.0,35.0,4.0,230.1,57.0,22.0,32.0,3.0,1.0,0.947,2.11,1.5,15.0,5.0,0.25,0.0,kileda01
156.0,Orlando Hernández,32.0,NYY,AL,21.0,21.0,3.0,141.0,33.0,10.0,23.0,0.0,0.0,1.0,2.11,1.57,14.0,9.0,0.39,0.0,hernaor01
157.0,Terry Adams,25.0,CHC,NL,63.0,0.0,0.0,72.2,20.0,4.0,13.0,3.0,0.0,0.85,2.11,0.27,13.0,2.0,0.13,0.0,adamste01
155.0,Jim Pittsley,24.0,KCR,AL,39.0,2.0,0.0,68.1,18.0,5.0,11.0,2.0,1.0,0.889,2.11,0.41,6.0,2.0,0.25,0.0,pittsji01
153.0,Gil Heredia,32.0,OAK,AL,8.0,6.0,0.0,42.2,10.0,1.0,9.0,0.0,0.0,1.0,2.11,1.25,0.0,2.0,1.0,1.0,heredgi01
159.0,Rick White,29.0,TBD,AL,38.0,3.0,0.0,68.2,18.0,5.0,11.0,2.0,1.0,0.889,2.1,0.42,2.0,4.0,0.67,0.0,whiteri01
158.0,Mike Maddux,36.0,MON,NL,51.0,0.0,0.0,55.2,13.0,3.0,10.0,0.0,0.0,1.0,2.1,0.25,6.0,0.0,0.0,0.0,maddumi01
160.0,Jesús Sánchez,23.0,FLA,NL,35.0,29.0,0.0,173.0,42.0,6.0,34.0,2.0,4.0,0.952,2.08,1.14,8.0,11.0,0.58,7.0,sanchje01
162.0,Bartolo Colón,25.0,CLE,AL,31.0,31.0,6.0,204.0,48.0,13.0,34.0,1.0,1.0,0.979,2.07,1.52,7.0,1.0,0.13,0.0,colonba01
164.0,Dustin Hermanson,25.0,MON,NL,32.0,30.0,1.0,187.0,47.0,18.0,25.0,4.0,3.0,0.915,2.07,1.34,9.0,9.0,0.5,2.0,hermadu01
166.0,Miguel Batista,27.0,MON,NL,56.0,13.0,0.0,135.0,32.0,10.0,21.0,1.0,1.0,0.969,2.07,0.55,10.0,7.0,0.41,1.0,batismi01
163.0,John Frascatore,28.0,STL,NL,69.0,0.0,0.0,95.2,24.0,11.0,11.0,2.0,1.0,0.917,2.07,0.32,14.0,2.0,0.13,0.0,frascjo01
165.0,Scott Service,31.0,KCR,AL,73.0,0.0,0.0,82.2,20.0,4.0,15.0,1.0,0.0,0.95,2.07,0.26,6.0,5.0,0.45,3.0,servisc01
167.0,Danny Darwin,42.0,SFG,NL,33.0,25.0,0.0,148.2,36.0,10.0,24.0,2.0,1.0,0.944,2.06,1.03,10.0,7.0,0.41,0.0,darwida01
169.0,Carlos Pérez,27.0,TOT,MLB,34.0,34.0,7.0,241.0,55.0,11.0,44.0,0.0,3.0,1.0,2.05,1.62,22.0,15.0,0.41,5.0,perezca01
168.0,Pat Rapp,30.0,KCR,AL,32.0,32.0,1.0,188.1,44.0,20.0,23.0,1.0,0.0,0.977,2.05,1.34,9.0,10.0,0.53,1.0,rapppa01
171.0,Mark Leiter,35.0,PHI,NL,69.0,0.0,0.0,88.2,21.0,12.0,8.0,1.0,2.0,0.952,2.03,0.29,2.0,2.0,0.5,0.0,leitema01
172.0,Esteban Yan,23.0,TBD,AL,64.0,0.0,0.0,88.2,21.0,9.0,11.0,1.0,1.0,0.952,2.03,0.31,12.0,3.0,0.2,1.0,yanes01
173.0,Paul Quantrill,29.0,TOR,AL,82.0,0.0,0.0,80.0,18.0,4.0,14.0,0.0,2.0,1.0,2.03,0.22,5.0,0.0,0.0,0.0,quantpa01
174.0,Brad Woodall,29.0,MIL,NL,31.0,20.0,0.0,138.0,33.0,5.0,26.0,2.0,4.0,0.939,2.02,1.0,6.0,2.0,0.25,1.0,woodabr01
175.0,Kent Bottenfield,29.0,STL,NL,44.0,17.0,0.0,133.2,30.0,3.0,27.0,0.0,0.0,1.0,2.02,0.68,6.0,3.0,0.33,2.0,botteke01
176.0,Brian Meadows,22.0,FLA,NL,31.0,31.0,1.0,174.1,40.0,18.0,21.0,1.0,2.0,0.975,2.01,1.26,13.0,4.0,0.24,0.0,meadobr01
177.0,Tim Worrell,30.0,TOT,MLB,43.0,9.0,0.0,103.0,23.0,8.0,15.0,0.0,1.0,1.0,2.01,0.53,10.0,0.0,0.0,0.0,worreti01
183.0,Andy Pettitte,26.0,NYY,AL,33.0,32.0,5.0,216.1,49.0,11.0,37.0,1.0,5.0,0.98,2,1.45,17.0,6.0,0.26,6.0,pettian01
185.0,Mark Gardner,36.0,SFG,NL,33.0,33.0,4.0,212.0,47.0,14.0,33.0,0.0,2.0,1.0,2,1.42,13.0,7.0,0.35,1.0,gardnma01
182.0,Amaury Telemaco,24.0,TOT,MLB,41.0,18.0,0.0,148.2,35.0,13.0,20.0,2.0,0.0,0.943,2,0.8,7.0,2.0,0.22,1.0,telemam01
184.0,Turk Wendell,31.0,NYM,NL,66.0,0.0,0.0,76.2,18.0,5.0,12.0,1.0,0.0,0.944,2,0.26,9.0,1.0,0.1,2.0,wendetu01
186.0,Heathcliff Slocumb,32.0,SEA,AL,57.0,0.0,0.0,67.2,16.0,6.0,9.0,1.0,0.0,0.938,2,0.26,7.0,4.0,0.36,0.0,slocuhe01
179.0,Mark Guthrie,32.0,LAD,NL,53.0,0.0,0.0,54.0,13.0,3.0,9.0,1.0,0.0,0.923,2,0.23,6.0,3.0,0.33,1.0,guthrma01
190.0,Shawn Estes,25.0,SFG,NL,25.0,25.0,1.0,149.1,35.0,6.0,27.0,2.0,0.0,0.943,1.99,1.32,7.0,3.0,0.3,0.0,estessh01
187.0,Greg Swindell,33.0,TOT,MLB,81.0,0.0,0.0,90.1,20.0,10.0,10.0,0.0,1.0,1.0,1.99,0.25,4.0,3.0,0.43,3.0,swindgr01
188.0,Mark Langston,37.0,SDP,NL,22.0,16.0,0.0,81.1,19.0,2.0,16.0,1.0,1.0,0.947,1.99,0.82,8.0,2.0,0.2,0.0,langsma01
191.0,Alan Mills,31.0,BAL,AL,72.0,0.0,0.0,77.0,17.0,8.0,9.0,0.0,2.0,1.0,1.99,0.24,12.0,2.0,0.14,0.0,millsal01
189.0,Todd Jones,30.0,DET,AL,65.0,0.0,0.0,63.1,14.0,7.0,7.0,0.0,2.0,1.0,1.99,0.22,4.0,0.0,0.0,0.0,jonesto02
193.0,Bryan Rekar,26.0,TBD,AL,16.0,15.0,1.0,86.2,21.0,12.0,7.0,2.0,0.0,0.905,1.97,1.19,4.0,1.0,0.2,0.0,rekarbr01
197.0,Chan Ho Park,25.0,LAD,NL,34.0,34.0,2.0,220.2,52.0,20.0,28.0,4.0,5.0,0.923,1.96,1.41,10.0,8.0,0.44,1.0,parkch01
195.0,Jaret Wright,22.0,CLE,AL,32.0,32.0,1.0,192.2,43.0,16.0,26.0,1.0,0.0,0.977,1.96,1.31,15.0,5.0,0.25,0.0,wrighja02
194.0,Rich Loiselle,26.0,PIT,NL,54.0,0.0,0.0,55.0,12.0,2.0,10.0,0.0,0.0,1.0,1.96,0.22,3.0,2.0,0.4,0.0,loiseri01
201.0,Andy Ashby,30.0,SDP,NL,33.0,33.0,5.0,226.2,50.0,14.0,35.0,1.0,4.0,0.98,1.95,1.48,18.0,13.0,0.42,1.0,ashbyan01
200.0,Matt Karchner,31.0,TOT,MLB,61.0,0.0,0.0,64.2,14.0,3.0,11.0,0.0,0.0,1.0,1.95,0.23,10.0,1.0,0.09,0.0,karchma01
198.0,Jeff Tabaka,34.0,PIT,NL,37.0,0.0,0.0,50.2,12.0,1.0,10.0,1.0,1.0,0.917,1.95,0.3,1.0,1.0,0.5,0.0,tabakje01
202.0,Brad Radke,25.0,MIN,AL,32.0,32.0,5.0,213.2,47.0,12.0,34.0,1.0,1.0,0.979,1.94,1.44,23.0,12.0,0.34,0.0,radkebr01
205.0,Matt Whisenant,27.0,KCR,AL,70.0,0.0,0.0,60.2,13.0,3.0,10.0,0.0,1.0,1.0,1.93,0.19,2.0,1.0,0.33,1.0,whisema01
206.0,Liván Hernández,23.0,FLA,NL,33.0,33.0,9.0,234.1,50.0,15.0,35.0,0.0,3.0,1.0,1.92,1.52,9.0,11.0,0.55,3.0,hernali01
211.0,Todd Stottlemyre,33.0,TOT,MLB,33.0,33.0,3.0,221.2,48.0,20.0,27.0,1.0,2.0,0.979,1.91,1.42,13.0,5.0,0.28,0.0,stottto01
207.0,Bobby Ayala,28.0,SEA,AL,62.0,0.0,0.0,75.1,21.0,8.0,8.0,5.0,1.0,0.762,1.91,0.26,6.0,1.0,0.14,0.0,ayalabo01
210.0,Carlos Reyes,29.0,TOT,MLB,46.0,0.0,0.0,66.0,14.0,5.0,9.0,0.0,0.0,1.0,1.91,0.3,3.0,5.0,0.63,1.0,reyesca01
212.0,Doug Drabek,35.0,BAL,AL,23.0,21.0,1.0,108.2,24.0,8.0,15.0,1.0,1.0,0.958,1.9,1.0,16.0,3.0,0.16,1.0,drabedo01
213.0,Doug Jones,41.0,TOT,MLB,69.0,0.0,0.0,85.1,19.0,4.0,14.0,1.0,2.0,0.947,1.9,0.26,2.0,1.0,0.33,0.0,jonesdo01
214.0,Brian Edmondson,25.0,TOT,MLB,53.0,0.0,0.0,76.0,18.0,7.0,9.0,2.0,0.0,0.889,1.89,0.3,3.0,5.0,0.63,0.0,edmonbr01
217.0,Javier Vázquez,21.0,MON,NL,33.0,32.0,0.0,172.1,36.0,12.0,24.0,0.0,3.0,1.0,1.88,1.09,9.0,9.0,0.5,2.0,vazquja01
215.0,Carlos Castillo,23.0,CHW,AL,54.0,2.0,0.0,100.1,22.0,5.0,16.0,1.0,1.0,0.955,1.88,0.39,9.0,2.0,0.18,1.0,castica02
216.0,José Silva,24.0,PIT,NL,18.0,18.0,1.0,100.1,21.0,3.0,18.0,0.0,1.0,1.0,1.88,1.17,7.0,3.0,0.3,0.0,silvajo01
218.0,John Wasdin,25.0,BOS,AL,47.0,8.0,0.0,96.0,21.0,5.0,15.0,1.0,1.0,0.952,1.88,0.43,11.0,2.0,0.15,0.0,wasdijo01
222.0,Andy Benes,30.0,ARI,NL,34.0,34.0,1.0,231.1,48.0,23.0,25.0,0.0,2.0,1.0,1.87,1.41,24.0,11.0,0.31,0.0,benesan01
221.0,Brian Moehler,26.0,DET,AL,33.0,33.0,4.0,221.1,47.0,11.0,35.0,1.0,1.0,0.979,1.87,1.39,11.0,9.0,0.45,2.0,moehlbr01
219.0,Pat Hentgen,29.0,TOR,AL,29.0,29.0,0.0,177.2,39.0,15.0,22.0,2.0,1.0,0.949,1.87,1.28,12.0,4.0,0.25,0.0,hentgpa01
220.0,Carl Pavano,22.0,MON,NL,24.0,23.0,0.0,134.2,30.0,15.0,13.0,2.0,1.0,0.933,1.87,1.17,17.0,6.0,0.26,0.0,pavanca01
223.0,Joey Hamilton,27.0,SDP,NL,34.0,34.0,0.0,217.1,48.0,15.0,30.0,3.0,3.0,0.938,1.86,1.32,12.0,8.0,0.4,0.0,hamiljo02
228.0,Ismael Valdez,24.0,LAD,NL,27.0,27.0,2.0,174.0,37.0,12.0,24.0,1.0,1.0,0.973,1.86,1.33,11.0,5.0,0.31,0.0,valdeis01
229.0,José Rosado,23.0,KCR,AL,38.0,25.0,2.0,174.2,38.0,8.0,28.0,2.0,1.0,0.947,1.85,0.95,9.0,2.0,0.18,2.0,rosadjo01
231.0,Allen Watson,27.0,ANA,AL,28.0,14.0,1.0,92.1,19.0,4.0,15.0,0.0,0.0,1.0,1.85,0.68,18.0,4.0,0.18,2.0,watsoal01
230.0,Clint Sodowsky,25.0,ARI,NL,45.0,6.0,0.0,77.2,17.0,4.0,12.0,1.0,1.0,0.941,1.85,0.36,7.0,1.0,0.13,1.0,sodowcl01
236.0,Mike Sirotka,27.0,CHW,AL,33.0,33.0,5.0,211.2,44.0,9.0,34.0,1.0,1.0,0.977,1.83,1.3,14.0,10.0,0.42,2.0,sirotmi01
235.0,Jim Parque,23.0,CHW,AL,21.0,21.0,0.0,113.0,23.0,7.0,16.0,0.0,0.0,1.0,1.83,1.1,6.0,9.0,0.6,5.0,parquji01
234.0,Wayne Gomes,25.0,PHI,NL,71.0,0.0,0.0,93.1,20.0,13.0,6.0,1.0,0.0,0.95,1.83,0.27,10.0,1.0,0.09,0.0,gomeswa01
239.0,Jamie Moyer,35.0,SEA,AL,34.0,34.0,4.0,234.1,48.0,16.0,31.0,1.0,1.0,0.979,1.81,1.38,21.0,4.0,0.16,1.0,moyerja01
237.0,Dave Burba,31.0,CLE,AL,32.0,31.0,0.0,203.2,43.0,15.0,26.0,2.0,4.0,0.953,1.81,1.28,12.0,5.0,0.29,0.0,burbada01
238.0,Andy Larkin,24.0,FLA,NL,17.0,14.0,0.0,74.2,15.0,4.0,11.0,0.0,1.0,1.0,1.81,0.88,13.0,2.0,0.13,0.0,larkian01
243.0,Darren Oliver,27.0,TOT,MLB,29.0,29.0,2.0,160.1,33.0,5.0,27.0,1.0,1.0,0.97,1.8,1.1,13.0,13.0,0.5,6.0,oliveda02
240.0,Glendon Rusch,23.0,KCR,AL,29.0,24.0,1.0,154.2,32.0,9.0,22.0,1.0,4.0,0.969,1.8,1.07,9.0,6.0,0.4,1.0,ruschgl01
244.0,Donne Wall,30.0,SDP,NL,46.0,1.0,0.0,70.1,14.0,4.0,10.0,0.0,2.0,1.0,1.79,0.3,3.0,2.0,0.4,0.0,walldo01
245.0,Dave Stieb,40.0,TOR,AL,19.0,3.0,0.0,50.1,10.0,5.0,5.0,0.0,0.0,1.0,1.79,0.53,5.0,3.0,0.38,0.0,stiebda01
247.0,Masato Yoshii,33.0,NYM,NL,29.0,29.0,1.0,171.2,37.0,14.0,20.0,3.0,2.0,0.919,1.78,1.17,15.0,3.0,0.17,0.0,yoshima01
248.0,Jack McDowell,32.0,ANA,AL,14.0,14.0,0.0,76.0,15.0,3.0,12.0,0.0,1.0,1.0,1.78,1.07,7.0,5.0,0.42,2.0,mcdowja01
246.0,Bill Simas,26.0,CHW,AL,60.0,0.0,0.0,70.2,14.0,9.0,5.0,0.0,1.0,1.0,1.78,0.23,6.0,0.0,0.0,0.0,simasbi01
253.0,Shayne Bennett,26.0,MON,NL,62.0,0.0,0.0,91.2,18.0,4.0,14.0,0.0,1.0,1.0,1.77,0.29,10.0,3.0,0.23,1.0,bennesh01
250.0,Manny Aybar,26.0,STL,NL,20.0,14.0,0.0,81.1,16.0,8.0,8.0,0.0,0.0,1.0,1.77,0.8,12.0,2.0,0.14,0.0,aybarma01
252.0,Brian Boehringer,29.0,SDP,NL,56.0,1.0,0.0,76.1,15.0,7.0,8.0,0.0,0.0,1.0,1.77,0.27,4.0,2.0,0.33,0.0,boehrbr01
254.0,Scott Sullivan,27.0,CIN,NL,67.0,0.0,0.0,102.0,21.0,9.0,11.0,1.0,1.0,0.952,1.76,0.3,10.0,3.0,0.23,0.0,sullisc01
258.0,Shigetoshi Hasegawa,29.0,ANA,AL,61.0,0.0,0.0,97.1,19.0,3.0,16.0,0.0,2.0,1.0,1.76,0.31,3.0,1.0,0.25,0.0,hasegsh01
255.0,Jerry Spradlin,31.0,PHI,NL,69.0,0.0,0.0,81.2,16.0,8.0,8.0,0.0,1.0,1.0,1.76,0.23,7.0,3.0,0.3,1.0,spradje01
256.0,Stan Belinda,31.0,CIN,NL,40.0,0.0,0.0,61.1,14.0,2.0,10.0,2.0,1.0,0.857,1.76,0.3,7.0,3.0,0.3,0.0,belinst01
259.0,Mike Thurman,24.0,MON,NL,14.0,13.0,0.0,67.0,13.0,1.0,12.0,0.0,0.0,1.0,1.75,0.93,7.0,6.0,0.46,0.0,thurmmi01
261.0,Dennys Reyes,21.0,TOT,MLB,19.0,10.0,0.0,67.1,16.0,1.0,12.0,3.0,0.0,0.813,1.74,0.68,6.0,4.0,0.4,6.0,reyesde01
263.0,Kevin Tapani,34.0,CHC,NL,35.0,34.0,2.0,219.0,42.0,11.0,31.0,0.0,1.0,1.0,1.73,1.2,13.0,3.0,0.19,0.0,tapanke01
262.0,Yorkis Pérez,30.0,PHI,NL,57.0,0.0,0.0,52.0,11.0,3.0,7.0,1.0,0.0,0.909,1.73,0.18,6.0,0.0,0.0,0.0,perezyo01
265.0,Francisco Córdova,26.0,PIT,NL,33.0,33.0,3.0,220.1,43.0,12.0,30.0,1.0,1.0,0.977,1.72,1.27,13.0,3.0,0.19,3.0,cordofr01
264.0,John Smoltz,31.0,ATL,NL,26.0,26.0,2.0,167.2,32.0,12.0,20.0,0.0,2.0,1.0,1.72,1.23,8.0,2.0,0.2,0.0,smoltjo01
268.0,Curt Schilling,31.0,PHI,NL,35.0,35.0,15.0,268.2,53.0,18.0,33.0,2.0,3.0,0.962,1.71,1.46,10.0,5.0,0.33,0.0,schilcu01
267.0,Brett Tomko,25.0,CIN,NL,34.0,34.0,1.0,210.2,41.0,14.0,26.0,1.0,1.0,0.976,1.71,1.18,16.0,6.0,0.27,1.0,tomkobr01
269.0,Frank Castillo,29.0,DET,AL,27.0,19.0,0.0,116.0,22.0,8.0,14.0,0.0,1.0,1.0,1.71,0.81,10.0,7.0,0.41,0.0,castifr01
270.0,Al Levine,30.0,TEX,AL,30.0,0.0,0.0,58.0,11.0,4.0,7.0,0.0,1.0,1.0,1.71,0.37,2.0,0.0,0.0,0.0,levinal01
274.0,Chris Carpenter,23.0,TOR,AL,33.0,24.0,1.0,175.0,34.0,20.0,13.0,1.0,2.0,0.971,1.7,1.0,9.0,11.0,0.55,0.0,carpech01
275.0,Bret Saberhagen,34.0,BOS,AL,31.0,31.0,0.0,175.0,34.0,13.0,20.0,1.0,1.0,0.971,1.7,1.06,4.0,7.0,0.64,1.0,saberbr01
273.0,José Mesa,32.0,TOT,MLB,76.0,0.0,0.0,84.2,18.0,5.0,11.0,2.0,1.0,0.889,1.7,0.21,2.0,2.0,0.5,0.0,mesajo01
272.0,Jimmy Key,37.0,BAL,AL,25.0,11.0,0.0,79.1,15.0,4.0,11.0,0.0,3.0,1.0,1.7,0.6,3.0,6.0,0.67,0.0,keyji01
277.0,Trever Miller,25.0,HOU,NL,37.0,1.0,0.0,53.1,10.0,4.0,6.0,0.0,0.0,1.0,1.69,0.27,3.0,2.0,0.4,1.0,milletr02
278.0,Rob Stanifer,26.0,FLA,NL,38.0,0.0,0.0,48.0,10.0,5.0,4.0,1.0,0.0,0.9,1.69,0.24,5.0,1.0,0.17,0.0,staniro01
279.0,Jeff Fassero,35.0,SEA,AL,32.0,32.0,7.0,224.2,44.0,11.0,31.0,2.0,0.0,0.955,1.68,1.31,24.0,11.0,0.31,7.0,fasseje01
280.0,John Thomson,24.0,COL,NL,26.0,26.0,2.0,161.0,30.0,15.0,15.0,0.0,3.0,1.0,1.68,1.15,10.0,3.0,0.23,1.0,thomsjo01
281.0,Curt Leskanic,30.0,COL,NL,66.0,0.0,0.0,75.2,14.0,5.0,9.0,0.0,0.0,1.0,1.67,0.21,1.0,3.0,0.75,0.0,leskacu01
284.0,Justin Thompson,25.0,DET,AL,34.0,34.0,5.0,222.0,41.0,6.0,35.0,0.0,2.0,1.0,1.66,1.21,21.0,16.0,0.43,8.0,thompju02
288.0,Bobby Jones,26.0,COL,NL,35.0,20.0,1.0,141.1,29.0,8.0,18.0,3.0,0.0,0.897,1.66,0.74,15.0,7.0,0.32,0.0,jonesbo04
283.0,Matt Morris,23.0,STL,NL,17.0,17.0,2.0,113.2,22.0,4.0,17.0,1.0,5.0,0.955,1.66,1.24,7.0,3.0,0.3,1.0,morrima01
285.0,Ricardo Rincón,28.0,PIT,NL,60.0,0.0,0.0,65.0,14.0,3.0,9.0,2.0,2.0,0.857,1.66,0.2,2.0,1.0,0.33,0.0,rincori01
282.0,Jay Powell,26.0,TOT,MLB,62.0,0.0,0.0,70.1,13.0,8.0,5.0,0.0,0.0,1.0,1.66,0.21,2.0,2.0,0.5,0.0,powelja04
286.0,C.J. Nitkowski,25.0,HOU,NL,43.0,0.0,0.0,59.2,11.0,1.0,10.0,0.0,2.0,1.0,1.66,0.26,3.0,4.0,0.57,1.0,nitkoc.01
292.0,Pete Harnisch,31.0,CIN,NL,32.0,32.0,2.0,209.0,38.0,20.0,18.0,0.0,4.0,1.0,1.64,1.19,9.0,6.0,0.4,1.0,harnipe01
290.0,Roberto Hernández,33.0,TBD,AL,67.0,0.0,0.0,71.1,14.0,4.0,9.0,1.0,0.0,0.929,1.64,0.19,5.0,2.0,0.29,0.0,hernaro01
295.0,Tim Wakefield,31.0,BOS,AL,36.0,33.0,2.0,216.0,42.0,16.0,23.0,3.0,1.0,0.929,1.63,1.08,24.0,8.0,0.25,0.0,wakefti01
293.0,Steve Kline,25.0,MON,NL,78.0,0.0,0.0,71.2,14.0,3.0,10.0,1.0,0.0,0.929,1.63,0.17,6.0,3.0,0.33,0.0,klinest02
294.0,Danny Patterson,27.0,TEX,AL,56.0,0.0,0.0,60.2,11.0,3.0,8.0,0.0,0.0,1.0,1.63,0.2,1.0,3.0,0.75,1.0,patteda04
296.0,Mark Petkovsek,32.0,STL,NL,48.0,10.0,0.0,105.2,20.0,8.0,11.0,1.0,1.0,0.95,1.62,0.4,3.0,4.0,0.57,0.0,petkoma01
297.0,Bill Pulsipher,24.0,TOT,MLB,26.0,11.0,0.0,72.1,13.0,1.0,12.0,0.0,0.0,1.0,1.62,0.5,1.0,1.0,0.5,1.0,pulsibi01
298.0,Paul Wagner,30.0,MIL,NL,13.0,9.0,0.0,55.2,10.0,3.0,7.0,0.0,1.0,1.0,1.62,0.77,7.0,1.0,0.13,0.0,wagnepa01
299.0,Kent Mercker,30.0,STL,NL,30.0,29.0,0.0,161.2,31.0,3.0,26.0,2.0,0.0,0.935,1.61,0.97,8.0,10.0,0.56,2.0,merckke01
300.0,Dwight Gooden,33.0,CLE,AL,23.0,23.0,0.0,134.0,24.0,6.0,18.0,0.0,1.0,1.0,1.61,1.04,16.0,4.0,0.2,0.0,goodedw01
301.0,Scott Radinsky,30.0,LAD,NL,62.0,0.0,0.0,61.2,12.0,2.0,9.0,1.0,0.0,0.917,1.61,0.18,1.0,4.0,0.8,1.0,radinsc01
302.0,David Cone,35.0,NYY,AL,31.0,31.0,3.0,207.2,38.0,12.0,25.0,1.0,3.0,0.974,1.6,1.19,21.0,6.0,0.22,0.0,coneda01
303.0,Scott Winchester,25.0,CIN,NL,16.0,16.0,1.0,79.0,14.0,6.0,8.0,0.0,1.0,1.0,1.59,0.88,12.0,2.0,0.14,0.0,winchsc01
306.0,Tyler Green,28.0,PHI,NL,27.0,27.0,0.0,159.1,32.0,12.0,16.0,4.0,1.0,0.875,1.58,1.04,11.0,8.0,0.42,2.0,greenty01
307.0,Paul Byrd,27.0,TOT,MLB,9.0,8.0,2.0,57.0,11.0,3.0,7.0,1.0,1.0,0.909,1.58,1.11,3.0,1.0,0.25,0.0,byrdpa01
308.0,Darren Holmes,32.0,NYY,AL,34.0,0.0,0.0,51.1,10.0,4.0,5.0,1.0,2.0,0.9,1.58,0.26,5.0,1.0,0.17,0.0,holmeda01
314.0,Aaron Sele,28.0,TEX,AL,33.0,33.0,3.0,212.2,39.0,17.0,20.0,2.0,3.0,0.949,1.57,1.12,4.0,8.0,0.67,0.0,seleaa01
311.0,Sean Bergman,28.0,HOU,NL,31.0,27.0,1.0,172.0,31.0,16.0,14.0,1.0,0.0,0.968,1.57,0.97,8.0,2.0,0.2,0.0,bergmse01
313.0,Elmer Dessens,27.0,PIT,NL,43.0,5.0,0.0,74.2,14.0,4.0,9.0,1.0,0.0,0.929,1.57,0.3,4.0,1.0,0.2,0.0,desseel01
317.0,Geremi González,23.0,CHC,NL,20.0,20.0,1.0,110.0,20.0,6.0,13.0,1.0,0.0,0.95,1.55,0.95,6.0,4.0,0.4,3.0,gonzaje01
318.0,David Weathers,28.0,TOT,MLB,44.0,9.0,0.0,110.0,19.0,5.0,14.0,0.0,1.0,1.0,1.55,0.43,11.0,3.0,0.21,1.0,weathda01
320.0,Carlton Loewer,24.0,PHI,NL,21.0,21.0,1.0,122.2,22.0,6.0,15.0,1.0,0.0,0.955,1.54,1.0,13.0,4.0,0.24,0.0,loeweca01
322.0,Jon Lieber,28.0,PIT,NL,29.0,28.0,2.0,171.0,29.0,12.0,17.0,0.0,1.0,1.0,1.53,1.0,7.0,6.0,0.46,0.0,liebejo01
321.0,Antonio Osuna,25.0,LAD,NL,54.0,0.0,0.0,64.2,12.0,3.0,8.0,1.0,1.0,0.917,1.53,0.2,1.0,3.0,0.75,2.0,osunaan01
328.0,Ken Cloude,23.0,SEA,AL,30.0,30.0,0.0,155.1,28.0,11.0,15.0,2.0,2.0,0.929,1.51,0.87,5.0,7.0,0.58,1.0,cloudke01
325.0,Scott Eyre,26.0,CHW,AL,33.0,17.0,0.0,107.0,19.0,1.0,17.0,1.0,3.0,0.947,1.51,0.55,9.0,7.0,0.44,2.0,eyresc01
329.0,Brian Powell,24.0,DET,AL,18.0,16.0,0.0,83.2,15.0,6.0,8.0,1.0,0.0,0.933,1.51,0.78,2.0,4.0,0.67,0.0,powelbr01
327.0,Eddie Guardado,27.0,MIN,AL,79.0,0.0,0.0,65.2,11.0,6.0,5.0,0.0,0.0,1.0,1.51,0.14,3.0,0.0,0.0,0.0,guarded01
334.0,Chuck Finley,35.0,ANA,AL,34.0,34.0,1.0,223.1,40.0,13.0,24.0,3.0,4.0,0.925,1.49,1.09,27.0,15.0,0.36,2.0,finlech01
335.0,Bob Howry,24.0,CHW,AL,44.0,0.0,0.0,54.1,10.0,2.0,7.0,1.0,0.0,0.9,1.49,0.2,3.0,2.0,0.4,0.0,howrybo01
339.0,Julián Tavárez,25.0,SFG,NL,60.0,0.0,0.0,85.1,15.0,4.0,10.0,1.0,1.0,0.933,1.48,0.23,7.0,2.0,0.22,1.0,tavarju01
337.0,Mike Stanton,31.0,NYY,AL,67.0,0.0,0.0,79.0,14.0,7.0,6.0,1.0,0.0,0.929,1.48,0.19,0.0,2.0,1.0,0.0,stantmi02
338.0,Billy Taylor,36.0,OAK,AL,70.0,0.0,0.0,73.0,12.0,4.0,8.0,0.0,2.0,1.0,1.48,0.17,7.0,0.0,0.0,0.0,taylobi04
341.0,David Wells,35.0,NYY,AL,30.0,30.0,8.0,214.1,38.0,8.0,27.0,3.0,1.0,0.921,1.47,1.17,9.0,7.0,0.44,0.0,wellsda01
340.0,Mark Clark,30.0,CHC,NL,33.0,33.0,2.0,213.2,35.0,11.0,24.0,0.0,0.0,1.0,1.47,1.06,28.0,8.0,0.22,2.0,clarkma01
344.0,Jaime Navarro,31.0,CHW,AL,37.0,27.0,1.0,172.2,29.0,8.0,20.0,1.0,1.0,0.966,1.46,0.76,26.0,6.0,0.19,0.0,navarja01
342.0,Eric Milton,22.0,MIN,AL,32.0,32.0,1.0,172.1,28.0,8.0,20.0,0.0,1.0,1.0,1.46,0.88,10.0,6.0,0.38,1.0,miltoer01
346.0,Gabe White,26.0,CIN,NL,69.0,3.0,0.0,98.2,16.0,4.0,12.0,0.0,0.0,1.0,1.46,0.23,4.0,5.0,0.56,1.0,whitega01
345.0,Jarrod Washburn,23.0,ANA,AL,15.0,11.0,0.0,74.0,12.0,4.0,8.0,0.0,0.0,1.0,1.46,0.8,10.0,2.0,0.17,1.0,washbja01
347.0,Dennis Cook,35.0,NYM,NL,73.0,0.0,0.0,68.0,12.0,2.0,9.0,1.0,1.0,0.917,1.46,0.15,3.0,4.0,0.57,4.0,cookde01
348.0,Rick Aguilera,36.0,MIN,AL,68.0,0.0,0.0,74.1,12.0,3.0,9.0,0.0,2.0,1.0,1.45,0.18,6.0,0.0,0.0,0.0,aguilri01
349.0,Mike DeJean,27.0,COL,NL,59.0,1.0,0.0,74.1,12.0,6.0,6.0,0.0,3.0,1.0,1.45,0.2,5.0,6.0,0.55,0.0,dejeami01
352.0,Gregg Olson,31.0,ARI,NL,64.0,0.0,0.0,68.2,11.0,4.0,7.0,0.0,0.0,1.0,1.44,0.17,7.0,2.0,0.22,0.0,olsongr01
353.0,Chad Ogea,27.0,CLE,AL,19.0,9.0,0.0,69.0,11.0,2.0,9.0,0.0,1.0,1.0,1.43,0.58,6.0,1.0,0.14,0.0,ogeach01
356.0,Cal Eldred,30.0,MIL,NL,23.0,23.0,0.0,133.0,23.0,9.0,12.0,2.0,4.0,0.913,1.42,0.91,9.0,6.0,0.4,1.0,eldreca01
358.0,Jeff Juden,27.0,TOT,MLB,32.0,30.0,2.0,178.1,31.0,9.0,19.0,3.0,2.0,0.903,1.41,0.88,47.0,6.0,0.11,0.0,judenje01
360.0,John Hudek,31.0,TOT,MLB,58.0,0.0,0.0,64.0,10.0,3.0,7.0,0.0,0.0,1.0,1.41,0.17,5.0,4.0,0.44,1.0,hudekjo01
361.0,Tony Saunders,24.0,TBD,AL,31.0,31.0,2.0,192.1,31.0,12.0,18.0,1.0,4.0,0.968,1.4,0.97,13.0,10.0,0.43,1.0,saundto01
364.0,Sidney Ponson,21.0,BAL,AL,31.0,20.0,0.0,135.0,22.0,10.0,11.0,1.0,1.0,0.955,1.4,0.68,18.0,4.0,0.18,1.0,ponsosi01
362.0,Jason Dickson,25.0,ANA,AL,27.0,18.0,0.0,122.0,20.0,9.0,10.0,1.0,0.0,0.95,1.4,0.7,7.0,5.0,0.42,0.0,dicksja01
363.0,Dennis Springer,33.0,TBD,AL,29.0,17.0,1.0,115.2,18.0,7.0,11.0,0.0,2.0,1.0,1.4,0.62,15.0,4.0,0.21,0.0,sprinde01
365.0,Donovan Osborne,29.0,STL,NL,14.0,14.0,1.0,83.2,16.0,5.0,8.0,3.0,2.0,0.813,1.4,0.93,2.0,2.0,0.5,0.0,osbordo01
366.0,Jimmy Haynes,25.0,OAK,AL,33.0,33.0,1.0,194.1,31.0,11.0,19.0,1.0,1.0,0.968,1.39,0.91,11.0,6.0,0.35,4.0,hayneji01
367.0,Hideo Nomo,29.0,TOT,MLB,29.0,28.0,3.0,157.1,24.0,10.0,14.0,0.0,0.0,1.0,1.37,0.83,24.0,8.0,0.25,0.0,nomohi01
370.0,Terry Mulholland,35.0,CHC,NL,70.0,6.0,0.0,112.0,21.0,7.0,10.0,4.0,1.0,0.81,1.37,0.24,0.0,0.0,,1.0,mulhote01
372.0,T.J. Mathews,28.0,OAK,AL,66.0,0.0,0.0,72.2,12.0,4.0,7.0,1.0,1.0,0.917,1.36,0.17,7.0,1.0,0.13,0.0,mathet.01
374.0,Tim Belcher,36.0,KCR,AL,34.0,34.0,2.0,234.0,37.0,18.0,17.0,2.0,3.0,0.946,1.35,1.03,7.0,10.0,0.59,0.0,belchti01
378.0,John Burkett,33.0,TEX,AL,32.0,32.0,0.0,195.0,30.0,11.0,18.0,1.0,0.0,0.967,1.34,0.91,9.0,7.0,0.44,1.0,burkejo03
376.0,Jason Bere,27.0,TOT,MLB,27.0,22.0,0.0,127.1,20.0,8.0,11.0,1.0,0.0,0.95,1.34,0.7,11.0,7.0,0.39,3.0,bereja01
375.0,Steve Reed,33.0,TOT,MLB,70.0,0.0,0.0,80.1,13.0,3.0,9.0,1.0,1.0,0.923,1.34,0.17,4.0,3.0,0.43,0.0,reedst01
379.0,Doug Bochtler,27.0,DET,AL,51.0,0.0,0.0,67.1,12.0,6.0,4.0,2.0,0.0,0.833,1.34,0.2,7.0,3.0,0.3,0.0,bochtdo01
381.0,Randy Johnson,34.0,TOT,MLB,34.0,34.0,10.0,244.1,45.0,6.0,30.0,9.0,3.0,0.8,1.33,1.06,31.0,19.0,0.38,3.0,johnsra05
380.0,John Johnstone,29.0,SFG,NL,70.0,0.0,0.0,88.0,13.0,8.0,5.0,0.0,0.0,1.0,1.33,0.19,12.0,3.0,0.2,0.0,johnsjo07
382.0,Juan Guzmán,31.0,TOT,MLB,33.0,33.0,2.0,211.0,35.0,11.0,20.0,4.0,2.0,0.886,1.32,0.94,31.0,9.0,0.23,1.0,guzmaju01
383.0,Bobby Witt,34.0,TOT,MLB,31.0,18.0,0.0,116.2,19.0,5.0,12.0,2.0,2.0,0.895,1.31,0.55,8.0,5.0,0.38,0.0,wittbo01
384.0,John Wetteland,31.0,TEX,AL,63.0,0.0,0.0,62.0,10.0,2.0,7.0,1.0,0.0,0.9,1.31,0.14,1.0,0.0,0.0,0.0,wettejo01
385.0,Roger Clemens,35.0,TOR,AL,33.0,33.0,5.0,234.2,35.0,7.0,27.0,1.0,1.0,0.971,1.3,1.03,28.0,9.0,0.24,0.0,clemero02
386.0,Steve Woodard,23.0,MIL,NL,34.0,26.0,0.0,165.2,25.0,9.0,15.0,1.0,0.0,0.96,1.3,0.71,17.0,4.0,0.19,1.0,woodast01
387.0,Paul Spoljaric,27.0,SEA,AL,53.0,6.0,0.0,83.1,12.0,3.0,9.0,0.0,0.0,1.0,1.3,0.23,10.0,1.0,0.09,2.0,spoljpa01
389.0,Woody Williams,31.0,TOR,AL,32.0,32.0,1.0,209.2,33.0,12.0,18.0,3.0,4.0,0.909,1.29,0.94,17.0,5.0,0.23,3.0,williwo02
388.0,Kevin Millwood,23.0,ATL,NL,31.0,29.0,3.0,174.1,26.0,9.0,16.0,1.0,1.0,0.962,1.29,0.81,7.0,5.0,0.42,0.0,millwke01
393.0,Tim Crabtree,28.0,TEX,AL,64.0,0.0,0.0,85.1,13.0,4.0,8.0,1.0,2.0,0.923,1.27,0.19,6.0,5.0,0.45,0.0,crabtti01
392.0,Antonio Alfonseca,26.0,FLA,NL,58.0,0.0,0.0,70.2,11.0,4.0,6.0,1.0,1.0,0.909,1.27,0.17,3.0,1.0,0.25,0.0,alfonan01
398.0,Mike Remlinger,32.0,CIN,NL,35.0,28.0,1.0,164.1,25.0,7.0,16.0,2.0,1.0,0.92,1.26,0.66,15.0,7.0,0.32,3.0,remlimi01
396.0,Alberto Reyes,28.0,MIL,NL,50.0,0.0,0.0,57.0,10.0,2.0,6.0,2.0,1.0,0.8,1.26,0.16,3.0,3.0,0.5,0.0,reyesal01
397.0,Jerry Dipoto,30.0,COL,NL,68.0,0.0,0.0,71.1,10.0,3.0,7.0,0.0,2.0,1.0,1.26,0.15,5.0,1.0,0.17,0.0,dipotje01
400.0,James Baldwin,26.0,CHW,AL,37.0,24.0,1.0,159.0,27.0,7.0,15.0,5.0,0.0,0.815,1.25,0.59,13.0,5.0,0.28,0.0,baldwja01
399.0,Seth Greisinger,22.0,DET,AL,21.0,21.0,0.0,130.0,20.0,3.0,15.0,2.0,0.0,0.9,1.25,0.86,16.0,8.0,0.33,2.0,greisse01
401.0,Keith Foulke,25.0,CHW,AL,54.0,0.0,0.0,65.1,11.0,1.0,8.0,2.0,0.0,0.818,1.24,0.17,3.0,1.0,0.25,0.0,foulkke01
405.0,Robb Nen,28.0,SFG,NL,78.0,0.0,0.0,88.2,13.0,4.0,8.0,1.0,1.0,0.923,1.22,0.15,10.0,0.0,0.0,0.0,nenro01
406.0,Mike Trombley,31.0,MIN,AL,77.0,1.0,0.0,96.2,13.0,4.0,9.0,0.0,0.0,1.0,1.21,0.17,2.0,4.0,0.67,0.0,trombmi01
409.0,Hideki Irabu,29.0,NYY,AL,29.0,28.0,2.0,173.0,25.0,6.0,17.0,2.0,1.0,0.92,1.2,0.79,16.0,9.0,0.36,2.0,irabuhi01
410.0,Mike Grace,28.0,PHI,NL,21.0,15.0,0.0,90.1,12.0,1.0,11.0,0.0,0.0,1.0,1.2,0.57,5.0,1.0,0.17,1.0,gracemi02
413.0,Sterling Hitchcock,27.0,SDP,NL,39.0,27.0,2.0,176.1,23.0,6.0,17.0,0.0,2.0,1.0,1.17,0.59,16.0,2.0,0.11,1.0,hitchst01
415.0,Chris Peters,26.0,PIT,NL,39.0,21.0,1.0,148.0,22.0,3.0,16.0,3.0,2.0,0.864,1.16,0.49,10.0,2.0,0.17,0.0,peterch01
416.0,Blake Stein,24.0,OAK,AL,24.0,20.0,1.0,117.1,16.0,0.0,15.0,1.0,1.0,0.938,1.15,0.63,10.0,5.0,0.33,3.0,steinbl01
418.0,Mike Oquist,30.0,OAK,AL,31.0,29.0,0.0,175.0,22.0,7.0,15.0,0.0,3.0,1.0,1.13,0.71,9.0,6.0,0.4,0.0,oquismi01
421.0,Pedro Martinez,26.0,BOS,AL,33.0,33.0,3.0,233.2,33.0,11.0,18.0,4.0,3.0,0.879,1.12,0.88,14.0,6.0,0.3,1.0,martipe02
429.0,Julio Santana,25.0,TOT,MLB,35.0,19.0,1.0,145.2,19.0,5.0,12.0,2.0,0.0,0.895,1.05,0.49,8.0,5.0,0.38,0.0,santaju01
433.0,Denny Neagle,29.0,ATL,NL,32.0,31.0,5.0,210.1,24.0,4.0,20.0,0.0,0.0,1.0,1.03,0.75,8.0,4.0,0.33,4.0,neaglde01
434.0,Al Leiter,32.0,NYM,NL,28.0,28.0,4.0,193.0,22.0,4.0,18.0,0.0,0.0,1.0,1.03,0.79,11.0,4.0,0.27,0.0,leiteal01
438.0,Matt Beech,26.0,PHI,NL,21.0,21.0,0.0,117.0,13.0,0.0,13.0,0.0,2.0,1.0,1,0.62,3.0,4.0,0.57,1.0,beechma01
445.0,Jason Schmidt,25.0,PIT,NL,33.0,33.0,0.0,214.1,25.0,7.0,16.0,2.0,2.0,0.92,0.97,0.7,13.0,7.0,0.35,0.0,schmija01
464.0,Rick Helling,27.0,TEX,AL,33.0,33.0,4.0,216.1,21.0,8.0,12.0,1.0,0.0,0.952,0.83,0.61,11.0,12.0,0.52,0.0,helliri01
473.0,Pete Schourek,29.0,TOT,MLB,25.0,23.0,0.0,124.0,10.0,1.0,9.0,0.0,0.0,1.0,0.73,0.4,9.0,7.0,0.44,0.0,schoupe01
475.0,Kerry Wood,21.0,CHC,NL,26.0,26.0,1.0,166.2,13.0,4.0,9.0,0.0,1.0,1.0,0.7,0.5,12.0,10.0,0.45,1.0,woodke02
476.0,Wilson Álvarez,28.0,TBD,AL,25.0,25.0,0.0,142.2,11.0,5.0,6.0,0.0,1.0,1.0,0.69,0.44,3.0,5.0,0.63,0.0,alvarwi01
,,,,,,,,,,,,,,,,,,,,,
,,,,,,,,,,,,,,,Average,,,,,,
,,,,,,,,,,,,,,,1.974201954,,,,,,
,,,,,,,,,,,,,,,,,,,,,
,,,,,,,,,,,,,,,Std Dev,,,,,,
,,,,,,,,,,,,,,,0.6348158075,,,,,,
,,,,,,,,,,,,,,,,,,,,,
,,,,,,,,,,,,,,,1 is greater than,,,,,,
,,,,,,,,,,,,,,,2.609017762,,,,,,
,,,,,,,,,,,,,,,,,,,,,
,,,,,,,,,,,,,,,2 is greater than,,,,,,
,,,,,,,,,,,,,,,2.185807224,,,,,,
,,,,,,,,,,,,,,,,,,,,,
,,,,,,,,,,,,,,,5 is less than,,,,,,
,,,,,,,,,,,,,,,1.339386147,,,,,,
,,,,,,,,,,,,,,,,,,,,,
,,,,,,,,,,,,,,,4 is less than,,,,,,
,,,,,,,,,,,,,,,1.762596685,,,,,,
,,,,,,,,,,,,,,,,,,,,,
,,,,,,,,,,,,,,,3,,,,,,
,,,,,,,,,,,,,,,between 2 and 4,,,,,,
,,,,,,,,,,,,,,,,,,,,,
,,,,,,,,,,,,,,,,,,,,,
,,,,,,,,,,,,,,,,,,,,,
,,,,,,,,,,,,,,,,,,,,,
,,,,,,,,,,,,,,,,,,,,,
,,,,,,,,,,,,,,,,,,,,,
,,,,,,,,,,,,,,,,,,,,,
,,,,,,,,,,,,,,,,,,,,,
,,,,,,,,,,,,,,,,,,,,,
,,,,,,,,,,,,,,,,,,,,,
,,,,,,,,,,,,,,,,,,,,,
,,,,,,,,,,,,,,,,,,,,,
,,,,,,,,,,,,,,,,,,,,,
,,,,,,,,,,,,,,,,,,,,,
,,,,,,,,,,,,,,,,,,,,,
,,,,,,,,,,,,,,,,,,,,,
,,,,,,,,,,,,,,,,,,,,,
,,,,,,,,,,,,,,,,,,,,,
,,,,,,,,,,,,,,,,,,,,,
,,,,,,,,,,,,,,,,,,,,,
,,,,,,,,,,,,,,,,,,,,,
,,,,,,,,,,,,,,,,,,,,,
,,,,,,,,,,,,,,,,,,,,,
,,,,,,,,,,,,,,,,,,,,,
,,,,,,,,,,,,,,,,,,,,,
,,,,,,,,,,,,,,,,,,,,,
,,,,,,,,,,,,,,,,,,,,,
,,,,,,,,,,,,,,,,,,,,,
,,,,,,,,,,,,,,,,,,,,,
,,,,,,,,,,,,,,,,,,,,,
,,,,,,,,,,,,,,,,,,,,,
,,,,,,,,,,,,,,,,,,,,,
,,,,,,,,,,,,,,,,,,,,,
,,,,,,,,,,,,,,,,,,,,,
,,,,,,,,,,,,,,,,,,,,,
,,,,,,,,,,,,,,,,,,,,,
,,,,,,,,,,,,,,,,,,,,,
,,,,,,,,,,,,,,,,,,,,,
,,,,,,,,,,,,,,,,,,,,,
,,,,,,,,,,,,,,,,,,,,,
,,,,,,,,,,,,,,,,,,,,,
,,,,,,,,,,,,,,,,,,,,,
,,,,,,,,,,,,,,,,,,,,,
,,,,,,,,,,,,,,,,,,,,,
,,,,,,,,,,,,,,,,,,,,,
,,,,,,,,,,,,,,,,,,,,,
,,,,,,,,,,,,,,,,,,,,,
,,,,,,,,,,,,,,,,,,,,,
,,,,,,,,,,,,,,,,,,,,,
,,,,,,,,,,,,,,,,,,,,,
,,,,,,,,,,,,,,,,,,,,,
,,,,,,,,,,,,,,,,,,,,,
,,,,,,,,,,,,,,,,,,,,,
,,,,,,,,,,,,,,,,,,,,,
,,,,,,,,,,,,,,,,,,,,,
,,,,,,,,,,,,,,,,,,,,,
,,,,,,,,,,,,,,,,,,,,,
,,,,,,,,,,,,,,,,,,,,,
,,,,,,,,,,,,,,,,,,,,,
,,,,,,,,,,,,,,,,,,,,,
,,,,,,,,,,,,,,,,,,,,,
,,,,,,,,,,,,,,,,,,,,,
,,,,,,,,,,,,,,,,,,,,,
,,,,,,,,,,,,,,,,,,,,,
,,,,,,,,,,,,,,,,,,,,,
,,,,,,,,,,,,,,,,,,,,,
,,,,,,,,,,,,,,,,,,,,,
,,,,,,,,,,,,,,,,,,,,,
,,,,,,,,,,,,,,,,,,,,,
,,,,,,,,,,,,,,,,,,,,,
,,,,,,,,,,,,,,,,,,,,,
,,,,,,,,,,,,,,,,,,,,,
,,,,,,,,,,,,,,,,,,,,,
,,,,,,,,,,,,,,,,,,,,,
,,,,,,,,,,,,,,,,,,,,,
,,,,,,,,,,,,,,,,,,,,,
,,,,,,,,,,,,,,,,,,,,,
,,,,,,,,,,,,,,,,,,,,,
,,,,,,,,,,,,,,,,,,,,,
,,,,,,,,,,,,,,,,,,,,,
,,,,,,,,,,,,,,,,,,,,,
,,,,,,,,,,,,,,,,,,,,,
,,,,,,,,,,,,,,,,,,,,,
,,,,,,,,,,,,,,,,,,,,,
,,,,,,,,,,,,,,,,,,,,,
,,,,,,,,,,,,,,,,,,,,,
,,,,,,,,,,,,,,,,,,,,,
,,,,,,,,,,,,,,,,,,,,,
,,,,,,,,,,,,,,,,,,,,,
,,,,,,,,,,,,,,,,,,,,,
,,,,,,,,,,,,,,,,,,,,,
,,,,,,,,,,,,,,,,,,,,,
,,,,,,,,,,,,,,,,,,,,,
,,,,,,,,,,,,,,,,,,,,,
,,,,,,,,,,,,,,,,,,,,,
,,,,,,,,,,,,,,,,,,,,,
,,,,,,,,,,,,,,,,,,,,,
,,,,,,,,,,,,,,,,,,,,,
,,,,,,,,,,,,,,,,,,,,,
,,,,,,,,,,,,,,,,,,,,,
,,,,,,,,,,,,,,,,,,,,,
,,,,,,,,,,,,,,,,,,,,,
,,,,,,,,,,,,,,,,,,,,,
,,,,,,,,,,,,,,,,,,,,,
,,,,,,,,,,,,,,,,,,,,,
,,,,,,,,,,,,,,,,,,,,,
,,,,,,,,,,,,,,,,,,,,,
,,,,,,,,,,,,,,,,,,,,,
,,,,,,,,,,,,,,,,,,,,,
,,,,,,,,,,,,,,,,,,,,,
,,,,,,,,,,,,,,,,,,,,,
,,,,,,,,,,,,,,,,,,,,,
,,,,,,,,,,,,,,,,,,,,,
,,,,,,,,,,,,,,,,,,,,,
,,,,,,,,,,,,,,,,,,,,,
,,,,,,,,,,,,,,,,,,,,,
,,,,,,,,,,,,,,,,,,,,,
,,,,,,,,,,,,,,,,,,,,,
,,,,,,,,,,,,,,,,,,,,,
,,,,,,,,,,,,,,,,,,,,,
,,,,,,,,,,,,,,,,,,,,,
,,,,,,,,,,,,,,,,,,,,,
,,,,,,,,,,,,,,,,,,,,,
,,,,,,,,,,,,,,,,,,,,,
,,,,,,,,,,,,,,,,,,,,,
,,,,,,,,,,,,,,,,,,,,,
,,,,,,,,,,,,,,,,,,,,,
,,,,,,,,,,,,,,,,,,,,,
,,,,,,,,,,,,,,,,,,,,,
,,,,,,,,,,,,,,,,,,,,,
,,,,,,,,,,,,,,,,,,,,,
,,,,,,,,,,,,,,,,,,,,,
,,,,,,,,,,,,,,,,,,,,,
,,,,,,,,,,,,,,,,,,,,,
,,,,,,,,,,,,,,,,,,,,,
,,,,,,,,,,,,,,,,,,,,,
,,,,,,,,,,,,,,,,,,,,,
,,,,,,,,,,,,,,,,,,,,,
,,,,,,,,,,,,,,,,,,,,,
,,,,,,,,,,,,,,,,,,,,,
,,,,,,,,,,,,,,,,,,,,,
,,,,,,,,,,,,,,,,,,,,,
,,,,,,,,,,,,,,,,,,,,,
,,,,,,,,,,,,,,,,,,,,,
,,,,,,,,,,,,,,,,,,,,,
,,,,,,,,,,,,,,,,,,,,,
,,,,,,,,,,,,,,,,,,,,,
,,,,,,,,,,,,,,,,,,,,,
,,,,,,,,,,,,,,,,,,,,,
,,,,,,,,,,,,,,,,,,,,,
,,,,,,,,,,,,,,,,,,,,,
,,,,,,,,,,,,,,,,,,,,,
,,,,,,,,,,,,,,,,,,,,,
,,,,,,,,,,,,,,,,,,,,,
,,,,,,,,,,,,,,,,,,,,,
,,,,,,,,,,,,,,,,,,,,,
,,,,,,,,,,,,,,,,,,,,,
,,,,,,,,,,,,,,,,,,,,,
,,,,,,,,,,,,,,,,,,,,,
,,,,,,,,,,,,,,,,,,,,,
,,,,,,,,,,,,,,,,,,,,,
,,,,,,,,,,,,,,,,,,,,,
,,,,,,,,,,,,,,,,,,,,,
,,,,,,,,,,,,,,,,,,,,,
,,,,,,,,,,,,,,,,,,,,,
,,,,,,,,,,,,,,,,,,,,,
,,,,,,,,,,,,,,,,,,,,,
,,,,,,,,,,,,,,,,,,,,,
,,,,,,,,,,,,,,,,,,,,,
,,,,,,,,,,,,,,,,,,,,,
,,,,,,,,,,,,,,,,,,,,,
,,,,,,,,,,,,,,,,,,,,,
,,,,,,,,,,,,,,,,,,,,,
,,,,,,,,,,,,,,,,,,,,,
,,,,,,,,,,,,,,,,,,,,,
,,,,,,,,,,,,,,,,,,,,,
,,,,,,,,,,,,,,,,,,,,,
,,,,,,,,,,,,,,,,,,,,,
,,,,,,,,,,,,,,,,,,,,,
,,,,,,,,,,,,,,,,,,,,,
,,,,,,,,,,,,,,,,,,,,,
,,,,,,,,,,,,,,,,,,,,,
,,,,,,,,,,,,,,,,,,,,,
,,,,,,,,,,,,,,,,,,,,,
,,,,,,,,,,,,,,,,,,,,,
,,,,,,,,,,,,,,,,,,,,,
,,,,,,,,,,,,,,,,,,,,,
,,,,,,,,,,,,,,,,,,,,,
,,,,,,,,,,,,,,,,,,,,,
,,,,,,,,,,,,,,,,,,,,,
,,,,,,,,,,,,,,,,,,,,,
,,,,,,,,,,,,,,,,,,,,,
,,,,,,,,,,,,,,,,,,,,,
,,,,,,,,,,,,,,,,,,,,,
,,,,,,,,,,,,,,,,,,,,,
,,,,,,,,,,,,,,,,,,,,,
,,,,,,,,,,,,,,,,,,,,,
,,,,,,,,,,,,,,,,,,,,,
,,,,,,,,,,,,,,,,,,,,,
,,,,,,,,,,,,,,,,,,,,,
,,,,,,,,,,,,,,,,,,,,,
,,,,,,,,,,,,,,,,,,,,,
,,,,,,,,,,,,,,,,,,,,,
,,,,,,,,,,,,,,,,,,,,,
,,,,,,,,,,,,,,,,,,,,,
,,,,,,,,,,,,,,,,,,,,,
,,,,,,,,,,,,,,,,,,,,,
,,,,,,,,,,,,,,,,,,,,,
,,,,,,,,,,,,,,,,,,,,,
,,,,,,,,,,,,,,,,,,,,,
,,,,,,,,,,,,,,,,,,,,,
,,,,,,,,,,,,,,,,,,,,,
,,,,,,,,,,,,,,,,,,,,,
,,,,,,,,,,,,,,,,,,,,,
,,,,,,,,,,,,,,,,,,,,,
,,,,,,,,,,,,,,,,,,,,,
,,,,,,,,,,,,,,,,,,,,,
,,,,,,,,,,,,,,,,,,,,,
,,,,,,,,,,,,,,,,,,,,,
,,,,,,,,,,,,,,,,,,,,,
,,,,,,,,,,,,,,,,,,,,,
,,,,,,,,,,,,,,,,,,,,,
,,,,,,,,,,,,,,,,,,,,,
,,,,,,,,,,,,,,,,,,,,,
,,,,,,,,,,,,,,,,,,,,,
,,,,,,,,,,,,,,,,,,,,,
,,,,,,,,,,,,,,,,,,,,,
,,,,,,,,,,,,,,,,,,,,,
,,,,,,,,,,,,,,,,,,,,,
,,,,,,,,,,,,,,,,,,,,,
,,,,,,,,,,,,,,,,,,,,,
,,,,,,,,,,,,,,,,,,,,,
,,,,,,,,,,,,,,,,,,,,,
,,,,,,,,,,,,,,,,,,,,,
,,,,,,,,,,,,,,,,,,,,,
,,,,,,,,,,,,,,,,,,,,,
,,,,,,,,,,,,,,,,,,,,,
,,,,,,,,,,,,,,,,,,,,,
,,,,,,,,,,,,,,,,,,,,,
,,,,,,,,,,,,,,,,,,,,,
,,,,,,,,,,,,,,,,,,,,,
,,,,,,,,,,,,,,,,,,,,,
,,,,,,,,,,,,,,,,,,,,,
,,,,,,,,,,,,,,,,,,,,,
,,,,,,,,,,,,,,,,,,,,,
,,,,,,,,,,,,,,,,,,,,,
,,,,,,,,,,,,,,,,,,,,,
,,,,,,,,,,,,,,,,,,,,,
,,,,,,,,,,,,,,,,,,,,,
,,,,,,,,,,,,,,,,,,,,,
,,,,,,,,,,,,,,,,,,,,,
,,,,,,,,,,,,,,,,,,,,,
,,,,,,,,,,,,,,,,,,,,,
,,,,,,,,,,,,,,,,,,,,,
,,,,,,,,,,,,,,,,,,,,,
,,,,,,,,,,,,,,,,,,,,,
,,,,,,,,,,,,,,,,,,,,,
,,,,,,,,,,,,,,,,,,,,,
,,,,,,,,,,,,,,,,,,,,,
,,,,,,,,,,,,,,,,,,,,,
,,,,,,,,,,,,,,,,,,,,,
,,,,,,,,,,,,,,,,,,,,,
,,,,,,,,,,,,,,,,,,,,,
,,,,,,,,,,,,,,,,,,,,,
,,,,,,,,,,,,,,,,,,,,,
,,,,,,,,,,,,,,,,,,,,,
,,,,,,,,,,,,,,,,,,,,,
,,,,,,,,,,,,,,,,,,,,,
,,,,,,,,,,,,,,,,,,,,,
,,,,,,,,,,,,,,,,,,,,,
,,,,,,,,,,,,,,,,,,,,,
,,,,,,,,,,,,,,,,,,,,,
,,,,,,,,,,,,,,,,,,,,,
,,,,,,,,,,,,,,,,,,,,,
,,,,,,,,,,,,,,,,,,,,,
,,,,,,,,,,,,,,,,,,,,,
,,,,,,,,,,,,,,,,,,,,,
,,,,,,,,,,,,,,,,,,,,,
,,,,,,,,,,,,,,,,,,,,,
,,,,,,,,,,,,,,,,,,,,,
,,,,,,,,,,,,,,,,,,,,,
,,,,,,,,,,,,,,,,,,,,,
,,,,,,,,,,,,,,,,,,,,,
,,,,,,,,,,,,,,,,,,,,,
,,,,,,,,,,,,,,,,,,,,,
,,,,,,,,,,,,,,,,,,,,,
,,,,,,,,,,,,,,,,,,,,,
,,,,,,,,,,,,,,,,,,,,,
,,,,,,,,,,,,,,,,,,,,,
,,,,,,,,,,,,,,,,,,,,,
,,,,,,,,,,,,,,,,,,,,,
,,,,,,,,,,,,,,,,,,,,,
,,,,,,,,,,,,,,,,,,,,,
,,,,,,,,,,,,,,,,,,,,,
,,,,,,,,,,,,,,,,,,,,,
,,,,,,,,,,,,,,,,,,,,,
,,,,,,,,,,,,,,,,,,,,,
,,,,,,,,,,,,,,,,,,,,,
,,,,,,,,,,,,,,,,,,,,,
,,,,,,,,,,,,,,,,,,,,,
,,,,,,,,,,,,,,,,,,,,,
,,,,,,,,,,,,,,,,,,,,,
,,,,,,,,,,,,,,,,,,,,,
,,,,,,,,,,,,,,,,,,,,,
,,,,,,,,,,,,,,,,,,,,,
,,,,,,,,,,,,,,,,,,,,,
,,,,,,,,,,,,,,,,,,,,,
,,,,,,,,,,,,,,,,,,,,,
,,,,,,,,,,,,,,,,,,,,,
,,,,,,,,,,,,,,,,,,,,,
,,,,,,,,,,,,,,,,,,,,,
,,,,,,,,,,,,,,,,,,,,,
,,,,,,,,,,,,,,,,,,,,,
,,,,,,,,,,,,,,,,,,,,,
,,,,,,,,,,,,,,,,,,,,,
,,,,,,,,,,,,,,,,,,,,,
,,,,,,,,,,,,,,,,,,,,,
,,,,,,,,,,,,,,,,,,,,,
,,,,,,,,,,,,,,,,,,,,,
,,,,,,,,,,,,,,,,,,,,,
,,,,,,,,,,,,,,,,,,,,,
,,,,,,,,,,,,,,,,,,,,,
,,,,,,,,,,,,,,,,,,,,,
,,,,,,,,,,,,,,,,,,,,,
,,,,,,,,,,,,,,,,,,,,,
,,,,,,,,,,,,,,,,,,,,,
,,,,,,,,,,,,,,,,,,,,,
,,,,,,,,,,,,,,,,,,,,,
,,,,,,,,,,,,,,,,,,,,,
,,,,,,,,,,,,,,,,,,,,,
,,,,,,,,,,,,,,,,,,,,,
,,,,,,,,,,,,,,,,,,,,,
,,,,,,,,,,,,,,,,,,,,,
,,,,,,,,,,,,,,,,,,,,,
,,,,,,,,,,,,,,,,,,,,,
,,,,,,,,,,,,,,,,,,,,,
,,,,,,,,,,,,,,,,,,,,,
,,,,,,,,,,,,,,,,,,,,,
,,,,,,,,,,,,,,,,,,,,,
,,,,,,,,,,,,,,,,,,,,,
,,,,,,,,,,,,,,,,,,,,,
,,,,,,,,,,,,,,,,,,,,,
,,,,,,,,,,,,,,,,,,,,,
,,,,,,,,,,,,,,,,,,,,,
,,,,,,,,,,,,,,,,,,,,,
,,,,,,,,,,,,,,,,,,,,,
,,,,,,,,,,,,,,,,,,,,,
,,,,,,,,,,,,,,,,,,,,,
,,,,,,,,,,,,,,,,,,,,,
,,,,,,,,,,,,,,,,,,,,,
,,,,,,,,,,,,,,,,,,,,,
,,,,,,,,,,,,,,,,,,,,,
,,,,,,,,,,,,,,,,,,,,,
,,,,,,,,,,,,,,,,,,,,,
,,,,,,,,,,,,,,,,,,,,,
,,,,,,,,,,,,,,,,,,,,,
,,,,,,,,,,,,,,,,,,,,,
,,,,,,,,,,,,,,,,,,,,,
,,,,,,,,,,,,,,,,,,,,,
,,,,,,,,,,,,,,,,,,,,,
,,,,,,,,,,,,,,,,,,,,,
,,,,,,,,,,,,,,,,,,,,,
,,,,,,,,,,,,,,,,,,,,,
,,,,,,,,,,,,,,,,,,,,,
,,,,,,,,,,,,,,,,,,,,,
,,,,,,,,,,,,,,,,,,,,,
,,,,,,,,,,,,,,,,,,,,,
,,,,,,,,,,,,,,,,,,,,,
,,,,,,,,,,,,,,,,,,,,,
,,,,,,,,,,,,,,,,,,,,,
,,,,,,,,,,,,,,,,,,,,,
,,,,,,,,,,,,,,,,,,,,,
,,,,,,,,,,,,,,,,,,,,,
,,,,,,,,,,,,,,,,,,,,,
,,,,,,,,,,,,,,,,,,,,,
,,,,,,,,,,,,,,,,,,,,,
,,,,,,,,,,,,,,,,,,,,,
,,,,,,,,,,,,,,,,,,,,,
,,,,,,,,,,,,,,,,,,,,,
,,,,,,,,,,,,,,,,,,,,,
,,,,,,,,,,,,,,,,,,,,,
,,,,,,,,,,,,,,,,,,,,,
,,,,,,,,,,,,,,,,,,,,,
,,,,,,,,,,,,,,,,,,,,,
,,,,,,,,,,,,,,,,,,,,,
,,,,,,,,,,,,,,,,,,,,,
,,,,,,,,,,,,,,,,,,,,,
,,,,,,,,,,,,,,,,,,,,,
,,,,,,,,,,,,,,,,,,,,,
,,,,,,,,,,,,,,,,,,,,,
,,,,,,,,,,,,,,,,,,,,,
,,,,,,,,,,,,,,,,,,,,,
,,,,,,,,,,,,,,,,,,,,,
,,,,,,,,,,,,,,,,,,,,,
,,,,,,,,,,,,,,,,,,,,,
,,,,,,,,,,,,,,,,,,,,,
,,,,,,,,,,,,,,,,,,,,,
,,,,,,,,,,,,,,,,,,,,,
,,,,,,,,,,,,,,,,,,,,,
,,,,,,,,,,,,,,,,,,,,,
,,,,,,,,,,,,,,,,,,,,,
,,,,,,,,,,,,,,,,,,,,,
,,,,,,,,,,,,,,,,,,,,,
,,,,,,,,,,,,,,,,,,,,,
,,,,,,,,,,,,,,,,,,,,,
,,,,,,,,,,,,,,,,,,,,,
,,,,,,,,,,,,,,,,,,,,,
,,,,,,,,,,,,,,,,,,,,,
,,,,,,,,,,,,,,,,,,,,,
,,,,,,,,,,,,,,,,,,,,,
,,,,,,,,,,,,,,,,,,,,,
,,,,,,,,,,,,,,,,,,,,,
,,,,,,,,,,,,,,,,,,,,,
,,,,,,,,,,,,,,,,,,,,,
,,,,,,,,,,,,,,,,,,,,,
,,,,,,,,,,,,,,,,,,,,,
,,,,,,,,,,,,,,,,,,,,,
,,,,,,,,,,,,,,,,,,,,,
,,,,,,,,,,,,,,,,,,,,,
,,,,,,,,,,,,,,,,,,,,,
,,,,,,,,,,,,,,,,,,,,,
,,,,,,,,,,,,,,,,,,,,,
,,,,,,,,,,,,,,,Average,,,,,,
,,,,,,,,,,,,,,,1.974201954,,,,,,
